city_name,state_abbr,year,city_key,median_household_income,median_gross_rent,median_home_value,unemployed_population,total_population,commute_total,commute_public_transit,avg_high_temp_c,avg_low_temp_c,annual_precip_mm,snow_days,avg_sunshine_hrs_per_day,city_state,days_with_aqi,good_days,moderate_days,unhealthy_sens_days,unhealthy_days,very_unhealthy_days,hazardous_days,max_aqi,median_aqi,days_co,days_no2,days_ozone,days_pm25,days_pm10,arrests_per_person,arrests_per_100k
Birmingham,AL,2020,birmingham_al,38832,870,97500,8585,210928,92366,1778,22.8,13.1,1591.6,0,9.2,"Birmingham, AL",366.0,119.0,244.0,3.0,0.0,0.0,0.0,129.0,54.0,0.0,0.0,58.0,308.0,0.0,0.0307891021597428,3078.9102159742874
Phoenix,AZ,2020,phoenix_az,60914,1100,250800,46542,1658422,810662,21987,31.0,17.3,167.1,0,11.2,,,,,,,,,,,,,,,,0.0290006421012103,2900.064210121039
Los Angeles,CA,2020,los_angeles_ca,65290,1523,670700,148407,3973278,1956957,161161,26.0,13.1,285.9,0,10.8,"Los Angeles, CA",366.0,35.0,189.0,79.0,46.0,17.0,0.0,250.0,85.0,0.0,9.0,181.0,174.0,2.0,0.0217364043164151,2173.6404316415183
Denver,CO,2020,denver_co,72661,1397,427600,18531,715878,400938,24704,18.5,3.0,282.5,62,10.5,"Denver, CO",366.0,61.0,270.0,31.0,4.0,0.0,0.0,161.0,62.0,0.0,44.0,217.0,95.0,10.0,0.0285926943641088,2859.2694364108884
Jacksonville,FL,2020,jacksonville_fl,55531,1089,187700,25039,902488,439359,7673,25.9,17.8,1233.1,0,9.4,"Jacksonville, FL",366.0,158.0,205.0,3.0,0.0,0.0,0.0,140.0,52.0,0.0,0.0,41.0,325.0,0.0,,
Atlanta,GA,2020,atlanta_ga,64179,1227,314400,18248,497642,252548,24883,21.8,12.3,1751.1,2,8.8,,,,,,,,,,,,,,,,0.0182002613232386,1820.0261323238672
Chicago,IL,2020,chicago_il,62097,1154,267600,120061,2699347,1333008,348730,14.8,6.8,1089.5,46,8.3,"Chicago, IL",366.0,62.0,280.0,19.0,5.0,0.0,0.0,197.0,60.0,0.0,2.0,68.0,269.0,27.0,0.0387789633619945,3877.896336199455
New Orleans,LA,2020,new_orleans_la,43258,1025,250000,16721,391249,176008,10077,25.0,18.3,1839.4,0,9.3,"New Orleans, LA",366.0,199.0,167.0,0.0,0.0,0.0,0.0,90.0,48.0,0.0,2.0,127.0,237.0,0.0,0.0346056743873463,3460.567438734637
Baltimore,MD,2020,baltimore_md,52164,1094,167300,23041,602274,276972,44655,18.6,9.7,1929.4,7,8.3,"Baltimore, MD",365.0,232.0,130.0,3.0,0.0,0.0,0.0,119.0,46.0,0.0,10.0,152.0,203.0,0.0,0.0073343654324456,733.4365432445675
Detroit,MI,2020,detroit_mi,32498,850,52700,42752,672351,237484,15727,15.1,6.5,955.6,54,8.5,"Detroit, MI",366.0,117.0,230.0,17.0,2.0,0.0,0.0,188.0,55.0,0.0,3.0,54.0,305.0,4.0,0.0166216677521952,1662.1667752195217
New York City,NY,2020,new_york_city_ny,37395,875,88100,9067,206357,90209,6651,17.3,8.9,1237.3,16,8.5,"New York City, NY",366.0,131.0,224.0,11.0,0.0,0.0,0.0,140.0,54.0,0.0,13.0,113.0,240.0,0.0,0.0161861175260237,1618.611752602376
Philadelphia,PA,2020,philadelphia_pa,49127,1084,171600,68786,1581531,693490,161140,18.5,9.3,1382.1,10,8.5,"Philadelphia, PA",366.0,108.0,250.0,8.0,0.0,0.0,0.0,143.0,55.0,0.0,3.0,67.0,296.0,0.0,0.0141600132431778,1416.0013243177857
Nashville,TN,2020,nashville_tn,62087,1170,264600,18391,667070,363968,7023,20.6,11.0,2009.0,10,8.6,"Nashville, TN",366.0,178.0,186.0,2.0,0.0,0.0,0.0,121.0,51.0,0.0,3.0,83.0,280.0,0.0,0.038716287444565,3871.6287444565055
Houston,TX,2020,houston_tx,51623,958,147900,5507,257013,125209,1015,26.0,17.4,1916.7,0,8.5,"Houston, TX",366.0,98.0,244.0,21.0,3.0,0.0,0.0,190.0,57.0,0.0,4.0,107.0,254.0,1.0,0.0182944985198129,1829.449851981297
San Antonio,TX,2020,san_antonio_tx,53420,1025,156700,45277,1529133,710788,18268,27.8,16.8,1045.3,2,9.2,"San Antonio, TX",366.0,119.0,237.0,9.0,1.0,0.0,0.0,160.0,55.0,0.0,0.0,108.0,257.0,1.0,0.0182944985198129,1829.449851981297
Dallas,TX,2020,dallas_tx,54747,1111,208700,35023,1338846,669161,22337,24.7,14.6,1367.6,3,9.2,"Dallas, TX",366.0,135.0,207.0,21.0,3.0,0.0,0.0,159.0,54.0,0.0,4.0,143.0,219.0,0.0,0.0182944985198129,1829.449851981297
Seattle,WA,2020,seattle_wa,97185,1702,713600,19449,741251,447820,92022,15.2,8.5,1188.8,10,7.8,"Seattle, WA",366.0,196.0,156.0,5.0,4.0,5.0,0.0,299.0,49.0,0.0,6.0,104.0,256.0,0.0,0.0190412346514463,1904.1234651446389
Kansas City,MO,2020,kansas_city_mo,56179,979,163300,13375,491158,252767,6549,18.5,8.7,1043.2,25,8.9,"Kansas City, MO",366.0,126.0,235.0,4.0,1.0,0.0,0.0,159.0,54.0,0.0,3.0,62.0,277.0,24.0,0.0282005981951211,2820.0598195121192
Oklahoma City,OK,2020,oklahoma_city_ok,56456,884,161800,15344,649821,316498,1566,21.9,11.5,849.7,16,9.5,"Oklahoma City, OK",366.0,134.0,227.0,5.0,0.0,0.0,0.0,121.0,53.0,0.0,2.0,104.0,258.0,2.0,0.0213367528087942,2133.6752808794217
Las Vegas,NV,2020,las_vegas_nv,58377,1153,279700,21838,644594,293085,9413,28.1,15.1,55.4,1,11.3,"Las Vegas, NV",366.0,92.0,249.0,22.0,3.0,0.0,0.0,174.0,65.0,0.0,6.0,205.0,145.0,10.0,0.0352991980416732,3529.9198041673217
Washington,DC,2020,washington_dc,90842,1607,618100,29290,701974,379090,119569,19.1,9.8,1896.4,6,8.3,"Washington, DC",366.0,214.0,149.0,2.0,1.0,0.0,0.0,171.0,47.0,0.0,10.0,130.0,226.0,0.0,,
Birmingham,AL,2021,birmingham_al,39403,906,102900,7870,202234,87751,1601,22.3,12.8,1713.7,3,9.1,"Birmingham, AL",365.0,104.0,256.0,3.0,2.0,0.0,0.0,189.0,56.0,0.0,1.0,47.0,317.0,0.0,0.021344063711251,2134.4063711251006
Phoenix,AZ,2021,phoenix_az,64927,1175,277700,45076,1591119,782966,18829,30.4,16.9,453.5,0,10.8,,,,,,,,,,,,,,,,0.0252657696334374,2526.5769633437426
Los Angeles,CA,2021,los_angeles_ca,69778,1641,705900,162380,3902440,1910620,146743,25.2,12.5,358.3,0,10.6,"Los Angeles, CA",365.0,9.0,258.0,71.0,26.0,1.0,0.0,281.0,80.0,0.0,13.0,148.0,198.0,6.0,0.0279909350041474,2799.093500414745
Denver,CO,2021,denver_co,78177,1495,459100,19715,706799,403262,22085,18.6,3.5,430.0,55,10.2,"Denver, CO",365.0,88.0,207.0,53.0,17.0,0.0,0.0,177.0,64.0,0.0,58.0,221.0,68.0,18.0,0.0271381770104368,2713.8177010436866
Jacksonville,FL,2021,jacksonville_fl,58263,1146,203400,24984,937690,456083,6746,25.2,17.1,1375.3,0,9.2,"Jacksonville, FL",365.0,135.0,230.0,0.0,0.0,0.0,0.0,94.0,53.0,0.0,0.0,44.0,321.0,0.0,,
Atlanta,GA,2021,atlanta_ga,69164,1342,346600,16818,492204,253312,21848,21.6,11.9,1934.9,4,8.8,,,,,,,,,,,,,,,,0.0197766842229384,1977.6684222938447
Chicago,IL,2021,chicago_il,65781,1209,277600,127044,2742119,1352774,316453,15.3,7.4,1142.8,45,8.3,"Chicago, IL",365.0,67.0,270.0,26.0,2.0,0.0,0.0,175.0,61.0,0.0,1.0,83.0,255.0,26.0,0.0157975133259193,1579.7513325919313
New Orleans,LA,2021,new_orleans_la,45594,1079,255500,16123,383974,172457,9456,24.1,17.8,2295.8,0,9.0,"New Orleans, LA",365.0,190.0,172.0,3.0,0.0,0.0,0.0,108.0,49.0,0.0,0.0,97.0,268.0,0.0,0.02373428589927,2373.428589927003
Baltimore,MD,2021,baltimore_md,54124,1146,175300,22274,592211,271624,39122,18.7,9.6,1515.8,19,8.8,"Baltimore, MD",365.0,169.0,181.0,15.0,0.0,0.0,0.0,140.0,52.0,0.0,10.0,152.0,203.0,0.0,0.0131488666959635,1314.8866695963522
Detroit,MI,2021,detroit_mi,34762,899,57700,41729,645658,224558,15041,15.5,6.9,1019.2,54,8.6,"Detroit, MI",365.0,85.0,271.0,9.0,0.0,0.0,0.0,140.0,59.0,0.0,5.0,45.0,307.0,8.0,0.0159328772640258,1593.287726402585
New York City,NY,2021,new_york_city_ny,40083,915,93100,9316,211100,92912,6164,17.1,8.8,1411.6,24,8.6,"New York City, NY",365.0,111.0,233.0,18.0,3.0,0.0,0.0,156.0,55.0,0.0,14.0,87.0,264.0,0.0,0.0116036251011758,1160.3625101175885
Philadelphia,PA,2021,philadelphia_pa,52649,1149,184100,71565,1596865,710964,152058,18.6,9.2,1124.0,20,8.7,"Philadelphia, PA",365.0,98.0,252.0,13.0,2.0,0.0,0.0,153.0,56.0,0.0,8.0,82.0,275.0,0.0,0.0149014600593416,1490.1460059341666
Nashville,TN,2021,nashville_tn,65565,1250,291400,19186,682646,373378,6349,20.6,11.0,2148.4,12,8.6,"Nashville, TN",365.0,138.0,222.0,5.0,0.0,0.0,0.0,133.0,53.0,0.0,6.0,49.0,310.0,0.0,0.0380972560053174,3809.7256005317417
Houston,TX,2021,houston_tx,54060,1000,156400,5670,255537,125224,978,25.0,17.0,2590.5,2,8.3,"Houston, TX",365.0,60.0,275.0,21.0,9.0,0.0,0.0,179.0,59.0,0.0,1.0,92.0,263.0,9.0,0.0185940808074146,1859.4080807414623
San Antonio,TX,2021,san_antonio_tx,55084,1090,167700,42451,1434540,678361,14551,26.6,16.6,1251.2,4,9.1,"San Antonio, TX",365.0,108.0,245.0,12.0,0.0,0.0,0.0,147.0,55.0,0.0,0.0,92.0,272.0,1.0,0.0185940808074146,1859.4080807414623
Dallas,TX,2021,dallas_tx,58231,1178,230000,35746,1300239,649176,19909,24.3,14.7,1633.6,6,9.1,"Dallas, TX",365.0,128.0,206.0,27.0,3.0,1.0,0.0,209.0,54.0,0.0,6.0,153.0,206.0,0.0,0.0185940808074146,1859.4080807414623
Seattle,WA,2021,seattle_wa,105391,1801,767500,20204,726054,438466,78248,15.2,8.3,1311.2,22,7.8,"Seattle, WA",365.0,201.0,157.0,5.0,2.0,0.0,0.0,177.0,48.0,0.0,1.0,149.0,215.0,0.0,0.0157019487752273,1570.1948775227352
Kansas City,MO,2021,kansas_city_mo,60042,1040,175400,14132,502597,259748,6043,18.9,9.3,1160.6,20,9.0,"Kansas City, MO",365.0,113.0,239.0,13.0,0.0,0.0,0.0,147.0,55.0,0.0,0.0,83.0,252.0,30.0,0.0255467459429404,2554.674594294044
Oklahoma City,OK,2021,oklahoma_city_ok,59679,933,168900,15281,673183,332558,1583,21.9,11.8,924.1,8,9.6,"Oklahoma City, OK",365.0,110.0,245.0,10.0,0.0,0.0,0.0,140.0,56.0,0.0,4.0,83.0,278.0,0.0,0.0195174841985297,1951.7484198529744
Las Vegas,NV,2021,las_vegas_nv,61356,1219,302100,24182,634786,285816,8255,27.9,15.6,69.3,1,11.1,"Las Vegas, NV",365.0,87.0,244.0,31.0,3.0,0.0,0.0,183.0,62.0,0.0,1.0,214.0,133.0,17.0,0.0332080372560643,3320.8037256064367
Washington,DC,2021,washington_dc,93547,1681,635900,28493,683154,371014,100595,19.4,9.7,1352.9,20,8.8,"Washington, DC",365.0,153.0,202.0,9.0,1.0,0.0,0.0,153.0,53.0,0.0,11.0,111.0,243.0,0.0,,
Birmingham,AL,2022,birmingham_al,42464,995,123000,7174,200431,86826,1517,23.0,12.4,1413.3,3,9.5,"Birmingham, AL",365.0,128.0,234.0,3.0,0.0,0.0,0.0,105.0,54.0,0.0,0.0,66.0,299.0,0.0,0.029441811074181,2944.1811074181032
Phoenix,AZ,2022,phoenix_az,72092,1322,340200,44211,1609456,799896,17542,30.1,16.4,419.2,0,10.8,,,,,,,,,,,,,,,,0.0276861707511846,2768.617075118468
Los Angeles,CA,2022,los_angeles_ca,76244,1791,822600,164867,3881041,1907021,137398,25.7,12.8,271.5,0,10.5,"Los Angeles, CA",365.0,17.0,254.0,64.0,29.0,1.0,0.0,209.0,74.0,0.0,18.0,173.0,164.0,10.0,0.0200256588334718,2002.565883347189
Denver,CO,2022,denver_co,85853,1665,540400,20305,710800,409324,20009,18.2,2.4,376.7,57,10.1,"Denver, CO",365.0,90.0,239.0,34.0,2.0,0.0,0.0,190.0,60.0,0.0,38.0,230.0,79.0,18.0,0.0283523137175458,2835.2313717545803
Jacksonville,FL,2022,jacksonville_fl,64138,1281,243000,23059,950203,463989,6022,25.6,16.9,1276.6,0,9.7,"Jacksonville, FL",365.0,137.0,228.0,0.0,0.0,0.0,0.0,93.0,53.0,0.0,1.0,53.0,311.0,0.0,,
Atlanta,GA,2022,atlanta_ga,77655,1512,395600,16383,494838,258815,19146,21.9,11.6,1657.9,3,9.1,,,,,,,,,,,,,,,,0.0190609903794835,1906.099037948353
Chicago,IL,2022,chicago_il,71673,1314,304500,123341,2721914,1352496,287011,14.3,5.9,1117.7,49,8.4,"Chicago, IL",365.0,93.0,257.0,12.0,2.0,1.0,0.0,202.0,56.0,0.0,5.0,76.0,264.0,20.0,0.0138607661946304,1386.076619463042
New Orleans,LA,2022,new_orleans_la,51116,1162,281500,16040,380408,171424,9065,24.7,17.3,1653.3,0,9.5,"New Orleans, LA",365.0,158.0,204.0,3.0,0.0,0.0,0.0,108.0,52.0,0.0,0.0,86.0,279.0,0.0,0.0266076158863351,2660.761588633519
Baltimore,MD,2022,baltimore_md,58349,1235,202900,20484,584548,270605,34640,18.2,8.7,1761.4,17,8.8,"Baltimore, MD",365.0,200.0,163.0,2.0,0.0,0.0,0.0,122.0,49.0,0.0,1.0,181.0,183.0,0.0,0.0157896852059753,1578.9685205975377
Detroit,MI,2022,detroit_mi,37761,989,66700,39893,636787,224797,14175,14.7,5.7,737.0,60,8.5,"Detroit, MI",365.0,63.0,286.0,16.0,0.0,0.0,0.0,133.0,58.0,0.0,2.0,36.0,316.0,11.0,0.0171790607863886,1717.9060786388686
New York City,NY,2022,new_york_city_ny,44156,995,111400,8855,210992,93269,5616,17.2,8.2,1385.4,26,8.8,"New York City, NY",365.0,134.0,220.0,10.0,1.0,0.0,0.0,161.0,54.0,1.0,19.0,108.0,237.0,0.0,0.0157109451572204,1571.0945157220422
Philadelphia,PA,2022,philadelphia_pa,57537,1250,215500,69721,1593208,717569,142078,18.4,8.4,1346.8,18,8.7,"Philadelphia, PA",365.0,97.0,262.0,6.0,0.0,0.0,0.0,126.0,56.0,0.0,3.0,98.0,264.0,0.0,0.0211326516644105,2113.2651664410555
Nashville,TN,2022,nashville_tn,71328,1392,351400,18423,684103,377380,6028,21.3,10.3,1926.5,15,9.1,"Nashville, TN",365.0,164.0,197.0,4.0,0.0,0.0,0.0,147.0,52.0,0.0,2.0,96.0,267.0,0.0,0.0363859079059843,3638.590790598437
Houston,TX,2022,houston_tx,58734,1093,181600,6200,258190,127119,954,26.2,16.4,1632.7,0,9.2,"Houston, TX",365.0,50.0,276.0,33.0,6.0,0.0,0.0,179.0,61.0,0.0,2.0,117.0,214.0,32.0,0.0187667524638535,1876.6752463853584
San Antonio,TX,2022,san_antonio_tx,59593,1189,198000,43346,1445662,690443,14711,27.7,16.2,718.7,2,9.3,"San Antonio, TX",365.0,111.0,241.0,12.0,0.0,1.0,0.0,214.0,55.0,0.0,0.0,103.0,261.0,1.0,0.0187667524638535,1876.6752463853584
Dallas,TX,2022,dallas_tx,63985,1305,270700,34605,1300642,653525,17857,25.6,14.5,1307.8,6,9.5,"Dallas, TX",365.0,99.0,214.0,49.0,3.0,0.0,0.0,187.0,58.0,0.0,5.0,170.0,189.0,1.0,0.0187667524638535,1876.6752463853584
Seattle,WA,2022,seattle_wa,116068,1945,879900,19929,734603,444319,69441,14.9,7.6,1131.2,31,7.7,"Seattle, WA",365.0,178.0,154.0,22.0,7.0,3.0,1.0,362.0,51.0,0.0,2.0,129.0,234.0,0.0,0.0171193076857095,1711.9307685709562
Kansas City,MO,2022,kansas_city_mo,65256,1131,208900,13311,505958,261493,5778,18.7,7.9,1216.3,27,9.2,"Kansas City, MO",365.0,132.0,226.0,7.0,0.0,0.0,0.0,115.0,54.0,0.0,3.0,117.0,230.0,15.0,0.0245611364718598,2456.113647185981
Oklahoma City,OK,2022,oklahoma_city_ok,64251,1012,196700,15718,681088,336569,1473,23.0,11.6,936.7,14,9.9,"Oklahoma City, OK",365.0,131.0,225.0,9.0,0.0,0.0,0.0,129.0,54.0,0.0,7.0,139.0,214.0,5.0,0.0197986711829532,1979.867118295322
Las Vegas,NV,2022,las_vegas_nv,66356,1356,365300,23725,644835,290898,8195,27.6,15.0,103.9,0,11.1,"Las Vegas, NV",365.0,71.0,268.0,20.0,3.0,1.0,2.0,480.0,64.0,0.0,3.0,194.0,138.0,30.0,0.0335456292971592,3354.562929715922
Washington,DC,2022,washington_dc,101722,1817,705000,28264,670587,366965,90524,19.1,8.9,1489.9,15,8.8,"Washington, DC",365.0,153.0,208.0,4.0,0.0,0.0,0.0,128.0,52.0,0.0,5.0,130.0,230.0,0.0,,
Birmingham,AL,2023,birmingham_al,44376,1047,138600,5872,199322,89160,1188,23.6,13.2,1283.9,0,9.4,"Birmingham, AL",365.0,73.0,272.0,15.0,3.0,2.0,0.0,255.0,61.0,0.0,0.0,54.0,311.0,0.0,0.0292640934229562,2926.4093422956225
Phoenix,AZ,2023,phoenix_az,77041,1458,381900,44358,1624832,811897,16531,30.1,16.4,253.7,0,10.8,,,,,,,,,,,,,,,,0.0278082828816516,2780.82828816516
Los Angeles,CA,2023,los_angeles_ca,80366,1879,879500,168363,3857897,1898466,126277,23.5,12.3,980.1,2,9.7,"Los Angeles, CA",365.0,41.0,237.0,52.0,32.0,3.0,0.0,210.0,67.0,0.0,5.0,150.0,203.0,7.0,0.0201445843881519,2014.4584388151904
Denver,CO,2023,denver_co,91681,1770,586700,20324,713734,415071,18767,17.4,2.0,537.7,58,9.9,"Denver, CO",365.0,72.0,264.0,27.0,2.0,0.0,0.0,179.0,64.0,0.0,20.0,243.0,85.0,17.0,0.0297165044104699,2971.650441046996
Jacksonville,FL,2023,jacksonville_fl,66981,1375,266100,22455,961739,469205,5645,26.2,17.5,1103.5,0,9.8,"Jacksonville, FL",365.0,152.0,211.0,2.0,0.0,0.0,0.0,124.0,52.0,0.0,0.0,62.0,303.0,0.0,,
Atlanta,GA,2023,atlanta_ga,81938,1617,420600,16857,499287,263997,16787,22.5,12.3,1412.2,0,9.0,,,,,,,,,,,,,,,,0.0193982649629476,1939.826496294764
Chicago,IL,2023,chicago_il,75134,1380,315200,118928,2707648,1352444,260577,15.1,7.2,1245.4,35,8.4,"Chicago, IL",365.0,76.0,246.0,33.0,8.0,2.0,0.0,246.0,60.0,0.0,6.0,99.0,247.0,13.0,0.0147243778480447,1472.437784804477
New Orleans,LA,2023,new_orleans_la,55339,1211,296400,14808,376035,171094,7713,26.1,18.9,1151.1,0,9.9,"New Orleans, LA",365.0,139.0,216.0,10.0,0.0,0.0,0.0,126.0,53.0,0.0,1.0,137.0,227.0,0.0,0.0269195609354826,2691.956093548261
Baltimore,MD,2023,baltimore_md,59623,1290,219300,19141,577193,268543,30816,19.5,9.5,1293.6,8,9.0,"Baltimore, MD",365.0,201.0,147.0,13.0,3.0,1.0,0.0,205.0,49.0,0.0,4.0,199.0,162.0,0.0,0.0155869351756223,1558.6935175622384
Detroit,MI,2023,detroit_mi,39575,1034,76800,38165,636644,223900,13417,15.4,6.7,996.2,39,8.3,"Detroit, MI",365.0,68.0,270.0,23.0,3.0,1.0,0.0,226.0,61.0,0.0,2.0,42.0,321.0,0.0,0.0185736838801014,1857.368388010143
New York City,NY,2023,new_york_city_ny,46628,1039,120600,8384,209720,94802,5160,17.9,8.6,1520.1,18,8.7,"New York City, NY",365.0,107.0,234.0,17.0,6.0,1.0,0.0,278.0,56.0,0.0,15.0,101.0,249.0,0.0,0.0200284522323841,2002.84522323841
Philadelphia,PA,2023,philadelphia_pa,60698,1323,232400,68006,1582432,722263,129121,19.4,9.2,1200.6,7,8.8,"Philadelphia, PA",365.0,66.0,274.0,19.0,4.0,1.0,1.0,331.0,59.0,0.0,1.0,82.0,282.0,0.0,0.0210783219212067,2107.8321921206707
Nashville,TN,2023,nashville_tn,75197,1486,383100,18357,684298,376578,6260,21.9,11.2,1534.7,5,9.0,"Nashville, TN",365.0,128.0,227.0,10.0,0.0,0.0,0.0,133.0,54.0,0.0,2.0,95.0,268.0,0.0,0.035227828201701,3522.782820170108
Houston,TX,2023,houston_tx,60487,1137,197900,6560,261078,128307,860,27.1,17.8,1453.1,0,9.1,"Houston, TX",365.0,36.0,272.0,45.0,11.0,1.0,0.0,205.0,65.0,0.0,1.0,115.0,229.0,20.0,0.0188346937949521,1883.4693794952127
San Antonio,TX,2023,san_antonio_tx,62917,1258,219700,43479,1458954,699316,14587,28.4,17.3,848.1,0,9.2,"San Antonio, TX",365.0,152.0,201.0,10.0,1.0,0.0,1.0,309.0,53.0,0.0,1.0,137.0,227.0,0.0,0.0188346937949521,1883.4693794952127
Dallas,TX,2023,dallas_tx,67760,1403,295300,34531,1299553,656657,15351,25.7,15.5,1438.2,2,9.3,"Dallas, TX",365.0,75.0,237.0,44.0,9.0,0.0,0.0,177.0,60.0,0.0,2.0,148.0,213.0,2.0,0.0188346937949521,1883.4693794952127
Seattle,WA,2023,seattle_wa,121984,1998,912100,20234,741440,450872,62577,15.5,8.1,1006.7,25,8.0,"Seattle, WA",365.0,186.0,172.0,4.0,3.0,0.0,0.0,195.0,50.0,0.0,3.0,120.0,242.0,0.0,0.0181623838224995,1816.2383822499585
Kansas City,MO,2023,kansas_city_mo,67449,1186,227000,13143,508233,261836,5066,19.7,9.2,1098.1,23,9.3,"Kansas City, MO",365.0,124.0,212.0,25.0,4.0,0.0,0.0,166.0,55.0,0.0,5.0,144.0,203.0,13.0,0.0230455956940004,2304.559569400047
Oklahoma City,OK,2023,oklahoma_city_ok,66702,1083,215100,16686,688693,339628,1382,22.8,12.2,808.9,9,9.7,"Oklahoma City, OK",365.0,128.0,222.0,15.0,0.0,0.0,0.0,143.0,54.0,0.0,8.0,156.0,198.0,3.0,0.0209140855379852,2091.408553798527
Las Vegas,NV,2023,las_vegas_nv,70723,1456,395300,23277,650873,295260,7260,26.5,14.4,224.0,2,10.8,"Las Vegas, NV",365.0,106.0,233.0,25.0,1.0,0.0,0.0,197.0,61.0,0.0,1.0,247.0,101.0,16.0,0.0338454749527558,3384.5474952755894
Washington,DC,2023,washington_dc,106287,1900,724600,25748,672079,368917,82220,20.1,9.6,1117.4,6,8.9,"Washington, DC",365.0,158.0,187.0,16.0,3.0,1.0,0.0,222.0,52.0,0.0,5.0,161.0,198.0,1.0,,
Birmingham,AL,2024,birmingham_al,46051,1107,158800,5690,198173,90219,1110,23.2,13.1,1393.3,0,9.5,"Birmingham, AL",366.0,94.0,266.0,6.0,0.0,0.0,0.0,119.0,57.0,0.0,0.0,73.0,293.0,0.0,0.0277614073804717,2776.140738047172
Phoenix,AZ,2024,phoenix_az,81332,1582,420700,44679,1642323,829070,15841,30.8,16.8,176.0,1,10.9,,,,,,,,,,,,,,,,0.0299508298238779,2995.082982387792
Los Angeles,CA,2024,los_angeles_ca,81939,1933,921200,174992,3857263,1896780,115889,24.5,12.4,523.2,0,10.3,"Los Angeles, CA",366.0,37.0,195.0,78.0,47.0,9.0,0.0,230.0,80.0,0.0,1.0,197.0,159.0,9.0,0.0167348913376561,1673.489133765616
Denver,CO,2024,denver_co,94718,1831,616000,21863,718877,419619,15926,18.9,3.3,385.3,48,10.3,"Denver, CO",366.0,73.0,251.0,34.0,8.0,0.0,0.0,174.0,64.0,0.0,24.0,248.0,67.0,27.0,0.030738740363185,3073.8740363185007
Jacksonville,FL,2024,jacksonville_fl,69872,1465,293700,22790,977670,480531,4729,25.8,17.4,1375.0,0,9.8,"Jacksonville, FL",366.0,182.0,184.0,0.0,0.0,0.0,0.0,98.0,51.0,0.0,1.0,103.0,261.0,1.0,,
Atlanta,GA,2024,atlanta_ga,85652,1711,439600,17357,505268,271965,15571,22.8,12.5,1383.7,0,9.3,,,,,,,,,,,,,,,,0.0190529119254014,1905.29119254014
Chicago,IL,2024,chicago_il,77902,1440,334100,121431,2711226,1364366,241532,16.1,7.9,1030.8,33,9.0,"Chicago, IL",366.0,95.0,254.0,15.0,2.0,0.0,0.0,166.0,56.0,0.0,15.0,111.0,213.0,27.0,0.0165295686933459,1652.956869334592
New Orleans,LA,2024,new_orleans_la,56631,1251,315700,13896,371853,167719,7630,25.5,18.7,1986.7,0,9.4,"New Orleans, LA",366.0,199.0,161.0,5.0,1.0,0.0,0.0,188.0,48.0,0.0,3.0,163.0,199.0,1.0,0.0237232224838628,2372.322248386289
Baltimore,MD,2024,baltimore_md,62177,1331,229600,19227,573243,270602,27899,19.2,9.8,1237.2,11,8.9,"Baltimore, MD",366.0,215.0,139.0,11.0,1.0,0.0,0.0,154.0,47.0,0.0,2.0,203.0,161.0,0.0,0.018317867334793,1831.7867334793093
Detroit,MI,2024,detroit_mi,39938,1074,83900,37662,638530,223334,10899,16.1,7.6,939.4,38,8.6,"Detroit, MI",366.0,118.0,237.0,10.0,1.0,0.0,0.0,181.0,55.0,0.0,1.0,95.0,270.0,0.0,0.0178013406721214,1780.134067212149
New York City,NY,2024,new_york_city_ny,47213,1081,139600,8334,208772,94493,5309,18.1,8.5,1291.9,17,8.9,"New York City, NY",366.0,164.0,178.0,21.0,3.0,0.0,0.0,156.0,52.0,0.0,18.0,155.0,193.0,0.0,0.0206423533907512,2064.2353390751227
Philadelphia,PA,2024,philadelphia_pa,61953,1397,243100,66252,1579706,726419,121228,19.2,9.3,1127.7,17,8.8,"Philadelphia, PA",366.0,139.0,212.0,15.0,0.0,0.0,0.0,150.0,53.0,0.0,8.0,128.0,230.0,0.0,0.0198994973377123,1989.949733771235
Nashville,TN,2024,nashville_tn,77371,1586,413600,18234,690130,382084,5569,21.8,11.5,1583.0,8,9.0,"Nashville, TN",366.0,172.0,187.0,7.0,0.0,0.0,0.0,133.0,51.0,0.0,3.0,120.0,243.0,0.0,0.0351742292864193,3517.422928641935
Houston,TX,2024,houston_tx,60895,1182,212400,7253,264814,131071,855,26.6,17.7,2103.0,0,9.2,"Houston, TX",366.0,43.0,260.0,46.0,16.0,1.0,0.0,201.0,63.0,0.0,4.0,134.0,213.0,15.0,0.0184525660758215,1845.256607582157
San Antonio,TX,2024,san_antonio_tx,65056,1324,235700,46615,1479835,706519,14399,28.1,17.5,965.0,0,9.5,"San Antonio, TX",366.0,161.0,183.0,20.0,2.0,0.0,0.0,199.0,53.0,0.0,3.0,130.0,230.0,3.0,0.0184525660758215,1845.256607582157
Dallas,TX,2024,dallas_tx,70518,1472,320700,34759,1307930,662654,14110,25.7,15.6,1292.8,0,9.6,"Dallas, TX",366.0,86.0,226.0,44.0,9.0,1.0,0.0,203.0,59.0,0.0,5.0,153.0,207.0,1.0,0.0184525660758215,1845.256607582157
Seattle,WA,2024,seattle_wa,123860,2030,938600,22600,754195,458144,54597,15.3,8.2,1161.6,12,7.6,"Seattle, WA",366.0,211.0,151.0,3.0,1.0,0.0,0.0,166.0,47.0,0.0,1.0,142.0,223.0,0.0,0.0194908319360871,1949.0831936087168
Kansas City,MO,2024,kansas_city_mo,69166,1238,242900,12174,510612,264299,4812,19.9,9.5,1103.3,16,9.5,"Kansas City, MO",366.0,151.0,205.0,10.0,0.0,0.0,0.0,126.0,53.0,0.0,13.0,140.0,175.0,38.0,0.0229343548298777,2293.435482987772
Oklahoma City,OK,2024,oklahoma_city_ok,68656,1130,231300,16781,697125,344459,1290,23.3,13.0,912.4,8,9.9,"Oklahoma City, OK",366.0,149.0,200.0,17.0,0.0,0.0,0.0,147.0,53.0,0.0,5.0,185.0,173.0,3.0,0.0219611815024464,2196.118150244641
Las Vegas,NV,2024,las_vegas_nv,73877,1563,427900,24429,660400,301748,7588,28.0,15.5,91.5,1,11.0,"Las Vegas, NV",366.0,90.0,236.0,39.0,1.0,0.0,0.0,170.0,64.0,0.0,0.0,251.0,102.0,13.0,0.0343508228918824,3435.0822891882467
Washington,DC,2024,washington_dc,109870,1954,737100,25416,681294,373183,75680,19.6,9.8,1257.9,12,8.8,"Washington, DC",366.0,199.0,159.0,8.0,0.0,0.0,0.0,133.0,49.0,0.0,15.0,192.0,159.0,0.0,,
